{
  "category": "carpet",
  "roc_auc": 0.6998394863563403,
  "best_f1": 0.6106870229007634,
  "threshold": 0.02521275896579027,
  "normal_avg_score": 0.019985620165243745,
  "defect_avg_score": 0.028893515425786543,
  "num_train_images": 280,
  "num_test_images": 117,
  "num_patches_per_image": 1024,
  "num_epochs": 20
}